[
  {
    "Section": 1,
    "Section Name": "Personal Data",
    "Sub-Section": "1A"
  },
  {
    "Section": 1,
    "Section Name": "Personal Data",
    "Sub-Section": "1B"
  },
  {
    "Section": 1,
    "Section Name": "Personal Data",
    "Sub-Section": "1C"
  },
  {
    "Section": 1,
    "Section Name": "Personal Data",
    "Sub-Section": "1D",
    "Sub-Section Name": "Residential Address"
  },
  {
    "Section": 1,
    "Section Name": "Personal Data",
    "Sub-Section": "1E",
    "Sub-Section Name": "Mailing Address"
  },
  {
    "Section": 1,
    "Section Name": "Personal Data",
    "Sub-Section": "1F",
    "Sub-Section Name": "Telephone Number / Email"
  },
  {
    "Section": 1,
    "Section Name": "Personal Data",
    "Sub-Section": "1G"
  },
  {
    "Section": 1,
    "Section Name": "Personal Data",
    "Sub-Section": "1H"
  },
  {
    "Section": 1,
    "Section Name": "Personal Data",
    "Sub-Section": "1I"
  },
  {
    "Section": 1,
    "Section Name": "Personal Data",
    "Sub-Section": "1J"
  },
  {
    "Section": 2,
    "Section Name": "Residence Data",
    "Sub-Section": "2A"
  },
  {
    "Section": 3,
    "Section Name": "Family / Social Data",
    "Sub-Section": "3A"
  },
  {
    "Section": 3,
    "Section Name": "Family / Social Data",
    "Sub-Section": "3B"
  },
  {
    "Section": 4,
    "Section Name": "Educational Data",
    "Sub-Section": "4A"
  },
  {
    "Section": 5,
    "Section Name": "Offices and Positions",
    "Sub-Section": "5A"
  },
  {
    "Section": 5,
    "Section Name": "Offices and Positions",
    "Sub-Section": "5B"
  },
  {
    "Section": 5,
    "Section Name": "Offices and Positions",
    "Sub-Section": "5C"
  },
  {
    "Section": 6,
    "Section Name": "Employment and Licensing Data",
    "Sub-Section": "6A"
  },
  {
    "Section": 6,
    "Section Name": "Employment and Licensing Data",
    "Sub-Section": "6B"
  },
  {
    "Section": 6,
    "Section Name": "Employment and Licensing Data",
    "Sub-Section": "6C"
  },
  {
    "Section": 6,
    "Section Name": "Employment and Licensing Data",
    "Sub-Section": "6D"
  },
  {
    "Section": 6,
    "Section Name": "Employment and Licensing Data",
    "Sub-Section": "6E"
  },
  {
    "Section": 6,
    "Section Name": "Employment and Licensing Data",
    "Sub-Section": "6F"
  },
  {
    "Section": 6,
    "Section Name": "Employment and Licensing Data",
    "Sub-Section": "6G"
  },
  {
    "Section": 6,
    "Section Name": "Employment and Licensing Data",
    "Sub-Section": "6H"
  },
  {
    "Section": 6,
    "Section Name": "Employment and Licensing Data",
    "Sub-Section": "6I"
  },
  {
    "Section": 6,
    "Section Name": "Employment and Licensing Data",
    "Sub-Section": "6J"
  },
  {
    "Section": 7,
    "Section Name": "Civil, Criminal and Investigatory Proceedings",
    "Sub-Section": "7A"
  },
  {
    "Section": 7,
    "Section Name": "Civil, Criminal and Investigatory Proceedings",
    "Sub-Section": "7B"
  },
  {
    "Section": 7,
    "Section Name": "Civil, Criminal and Investigatory Proceedings",
    "Sub-Section": "7C"
  },
  {
    "Section": 7,
    "Section Name": "Civil, Criminal and Investigatory Proceedings",
    "Sub-Section": "7D"
  },
  {
    "Section": 7,
    "Section Name": "Civil, Criminal and Investigatory Proceedings",
    "Sub-Section": "7E"
  },
  {
    "Section": 7,
    "Section Name": "Civil, Criminal and Investigatory Proceedings",
    "Sub-Section": "7F"
  },
  {
    "Section": 7,
    "Section Name": "Civil, Criminal and Investigatory Proceedings",
    "Sub-Section": "7G"
  },
  {
    "Section": 7,
    "Section Name": "Civil, Criminal and Investigatory Proceedings",
    "Sub-Section": "7H"
  },
  {
    "Section": 7,
    "Section Name": "Civil, Criminal and Investigatory Proceedings",
    "Sub-Section": "7I"
  },
  {
    "Section": 8,
    "Section Name": "Financial Data",
    "Sub-Section": "8A"
  },
  {
    "Section": 8,
    "Section Name": "Financial Data",
    "Sub-Section": "8B"
  },
  {
    "Section": 8,
    "Section Name": "Financial Data",
    "Sub-Section": "8C"
  },
  {
    "Section": 8,
    "Section Name": "Financial Data",
    "Sub-Section": "8D"
  },
  {
    "Section": 8,
    "Section Name": "Financial Data",
    "Sub-Section": "8E"
  },
  {
    "Section": 8,
    "Section Name": "Financial Data",
    "Sub-Section": "8F"
  },
  {
    "Section": 8,
    "Section Name": "Financial Data",
    "Sub-Section": "8G"
  },
  {
    "Section": 8,
    "Section Name": "Financial Data",
    "Sub-Section": "8H"
  },
  {
    "Section": 8,
    "Section Name": "Financial Data",
    "Sub-Section": "8I"
  },
  {
    "Section": 9,
    "Section Name": "Cash Holding",
    "Sub-Section": "A"
  },
  {
    "Section": 10,
    "Section Name": "Loans Issued / Given by you",
    "Sub-Section": "B"
  },
  {
    "Section": 11,
    "Section Name": "Securities",
    "Sub-Section": "C"
  },
  {
    "Section": 12,
    "Section Name": "Real Estate Interests",
    "Sub-Section": "D"
  },
  {
    "Section": 13,
    "Section Name": "Cash Value - Insurance",
    "Sub-Section": "E"
  },
  {
    "Section": 14,
    "Section Name": "Cash Value - Pension / Retirement Funds",
    "Sub-Section": "F"
  },
  {
    "Section": 15,
    "Section Name": "Vehicles",
    "Sub-Section": "G"
  },
  {
    "Section": 16,
    "Section Name": "Other Assets",
    "Sub-Section": "H"
  },
  {
    "Section": 17,
    "Section Name": "Loans and Other Payables",
    "Sub-Section": "I"
  },
  {
    "Section": 18,
    "Section Name": "Taxes Payable",
    "Sub-Section": "J"
  },
  {
    "Section": 19,
    "Section Name": "Mortgages or Liens Payable on Real Estate",
    "Sub-Section": "K"
  },
  {
    "Section": 20,
    "Section Name": "Vehicle Loan",
    "Sub-Section": "L"
  },
  {
    "Section": 21,
    "Section Name": "Loans against Securities / Insurance / Pension Plans",
    "Sub-Section": "M"
  },
  {
    "Section": 22,
    "Section Name": "Contingent Liabilities",
    "Sub-Section": "N"
  },
  {
    "Section": 23,
    "Section Name": "Net Worth Statement - Assets and Liabilities"
  }
]